sensor,provider_asset_type,gsd,capture_date,off_nadir_angle,pan_resolution,sun_azimuth,sun_elevation,target_azimuth,disaster,disaster_type,catalog_id,original_width,original_height,width,height,id,img_name,centroid_x,centroid_y,path,destroyed,minor-damage,major-damage,un-classified,no-damage
WORLDVIEW02,WORLDVIEW02,2.35255861282349,2011-05-29T17:29:25.433Z,28.4302768707275,0.585882604122162,143.603851318359,71.8531799316406,193.251083374023,joplin-tornado,wind,103001000A285500,1024,1024,1024,1024,MjY0Mzk4Mg.vo5dFUhTfoVWnKNLRID8rEkx0A0,joplin-tornado_00000000_post_disaster.png,-94.50681594487547,37.06327890189633,C:\Users\yanit\OneDrive\Bureau\Data Insights And Visualization\tier3\labels\joplin-tornado_00000000_post_disaster.json,102.0,43.0,27.0,7.0,6.0
WORLDVIEW02,WORLDVIEW02,2.35255861282349,2011-05-29T17:29:25.433Z,28.4302768707275,0.585882604122162,143.603851318359,71.8531799316406,193.251083374023,joplin-tornado,wind,103001000A285500,1024,1024,1024,1024,MjY0Mzk4NA.ozk_gKu7JSNkIMTSpxNK_AJNYuo,joplin-tornado_00000001_post_disaster.png,-94.50147216562573,37.06367287279997,C:\Users\yanit\OneDrive\Bureau\Data Insights And Visualization\tier3\labels\joplin-tornado_00000001_post_disaster.json,69.0,73.0,27.0,8.0,21.0
WORLDVIEW02,WORLDVIEW02,2.35255861282349,2011-05-29T17:29:25.433Z,28.4302768707275,0.585882604122162,143.603851318359,71.8531799316406,193.251083374023,joplin-tornado,wind,103001000A285500,1024,1024,1024,1024,MjY0Mzk4Ng.5tAGgMbO2VX5UXpykOxlAetdyjA,joplin-tornado_00000002_post_disaster.png,-94.49666149295277,37.063413528872736,C:\Users\yanit\OneDrive\Bureau\Data Insights And Visualization\tier3\labels\joplin-tornado_00000002_post_disaster.json,14.0,40.0,6.0,3.0,40.0
WORLDVIEW02,WORLDVIEW02,2.35255861282349,2011-05-29T17:29:25.433Z,28.4302768707275,0.585882604122162,143.603851318359,71.8531799316406,193.251083374023,joplin-tornado,wind,103001000A285500,1024,1024,1024,1024,MjY0Mzk4OA.wLq0xXQMrfvyi_AjmwAeKlUazU8,joplin-tornado_00000003_post_disaster.png,-94.49120035147924,37.06409251493206,C:\Users\yanit\OneDrive\Bureau\Data Insights And Visualization\tier3\labels\joplin-tornado_00000003_post_disaster.json,5.0,67.0,10.0,5.0,76.0
WORLDVIEW02,WORLDVIEW02,2.35255861282349,2011-05-29T17:29:25.433Z,28.4302768707275,0.585882604122162,143.603851318359,71.8531799316406,193.251083374023,joplin-tornado,wind,103001000A285500,1024,1024,1024,1024,MjY0Mzk5MQ.cD79_yzi1rCYRfL6s9W0_l8Ym3w,joplin-tornado_00000004_post_disaster.png,-94.48580168766776,37.06380401347275,C:\Users\yanit\OneDrive\Bureau\Data Insights And Visualization\tier3\labels\joplin-tornado_00000004_post_disaster.json,13.0,91.0,5.0,8.0,139.0
WORLDVIEW02,WORLDVIEW02,2.35255861282349,2011-05-29T17:29:25.433Z,28.4302768707275,0.585882604122162,143.603851318359,71.8531799316406,193.251083374023,joplin-tornado,wind,103001000A285500,1024,1024,1024,1024,MjY0Mzk5Mg.35QUZ90ASbQhw6A6VvdV5U80geY,joplin-tornado_00000005_post_disaster.png,-94.48294956300153,37.0642398465353,C:\Users\yanit\OneDrive\Bureau\Data Insights And Visualization\tier3\labels\joplin-tornado_00000005_post_disaster.json,40.41975308641975,12.0,2.0,3.0,23.0
WORLDVIEW02,WORLDVIEW02,2.35255861282349,2011-05-29T17:29:25.433Z,28.4302768707275,0.585882604122162,143.603851318359,71.8531799316406,193.251083374023,joplin-tornado,wind,103001000A285500,1024,1024,1024,1024,MjY0Mzk5NA.jPVTa9qeuM8aKXb2IAMRk2iUhqE,joplin-tornado_00000006_post_disaster.png,-94.44003575268414,37.07116659087207,C:\Users\yanit\OneDrive\Bureau\Data Insights And Visualization\tier3\labels\joplin-tornado_00000006_post_disaster.json,40.41975308641975,1.0,11.823529411764707,5.0,30.0
WORLDVIEW02,WORLDVIEW02,2.35255861282349,2011-05-29T17:29:25.433Z,28.4302768707275,0.585882604122162,143.603851318359,71.8531799316406,193.251083374023,joplin-tornado,wind,103001000A285500,1024,1024,1024,1024,MjY0Mzk5Ng.dPJvBpGqueYEhdwU9vxhd0juQyc,joplin-tornado_00000007_post_disaster.png,-94.52746272214793,37.07171876776241,C:\Users\yanit\OneDrive\Bureau\Data Insights And Visualization\tier3\labels\joplin-tornado_00000007_post_disaster.json,40.41975308641975,4.0,11.823529411764707,5.466666666666667,331.0
WORLDVIEW02,WORLDVIEW02,2.35255861282349,2011-05-29T17:29:25.433Z,28.4302768707275,0.585882604122162,143.603851318359,71.8531799316406,193.251083374023,joplin-tornado,wind,103001000A285500,1024,1024,1024,1024,MjY0Mzk5OA.d-xFcgcev7oC4nC6s5xeCXa69ZI,joplin-tornado_00000008_post_disaster.png,-94.55740803681468,37.05874368488024,C:\Users\yanit\OneDrive\Bureau\Data Insights And Visualization\tier3\labels\joplin-tornado_00000008_post_disaster.json,21.0,9.0,6.0,2.0,5.0
WORLDVIEW02,WORLDVIEW02,2.35255861282349,2011-05-29T17:29:25.433Z,28.4302768707275,0.585882604122162,143.603851318359,71.8531799316406,193.251083374023,joplin-tornado,wind,103001000A285500,1024,1024,1024,1024,MjY0NDAwMA.IKyVns5bbAPcQpABu28uXjF_K0I,joplin-tornado_00000009_post_disaster.png,-94.48006560642585,37.05828011198453,C:\Users\yanit\OneDrive\Bureau\Data Insights And Visualization\tier3\labels\joplin-tornado_00000009_post_disaster.json,40.41975308641975,20.67924528301887,11.823529411764707,3.0,18.0
WORLDVIEW02,WORLDVIEW02,2.35255861282349,2011-05-29T17:29:25.433Z,28.4302768707275,0.585882604122162,143.603851318359,71.8531799316406,193.251083374023,joplin-tornado,wind,103001000A285500,1024,1024,1024,1024,MjY0NDAwMg.Bm3hRbXDTcK76PhuzZyJNH1IcmU,joplin-tornado_00000010_post_disaster.png,-94.48594108996515,37.05554020426776,C:\Users\yanit\OneDrive\Bureau\Data Insights And Visualization\tier3\labels\joplin-tornado_00000010_post_disaster.json,40.41975308641975,20.67924528301887,11.823529411764707,1.0,40.0
WORLDVIEW02,WORLDVIEW02,2.35255861282349,2011-05-29T17:29:25.433Z,28.4302768707275,0.585882604122162,143.603851318359,71.8531799316406,193.251083374023,joplin-tornado,wind,103001000A285500,1024,1024,1024,1024,MjY0NDAwNA.Onwja9RgtBM__iq5r_TuuRGiCcw,joplin-tornado_00000011_post_disaster.png,-94.55328321904874,37.05847772636493,C:\Users\yanit\OneDrive\Bureau\Data Insights And Visualization\tier3\labels\joplin-tornado_00000011_post_disaster.json,29.0,18.0,30.0,2.0,8.0
WORLDVIEW02,WORLDVIEW02,2.35255861282349,2011-05-29T17:29:25.433Z,28.4302768707275,0.585882604122162,143.603851318359,71.8531799316406,193.251083374023,joplin-tornado,wind,103001000A285500,1024,1024,1024,1024,MjY0NDAwNg.6xw9Spa5bRgUWrJzDcmIkI4Igi0,joplin-tornado_00000012_post_disaster.png,-94.47508360241261,37.05898348612572,C:\Users\yanit\OneDrive\Bureau\Data Insights And Visualization\tier3\labels\joplin-tornado_00000012_post_disaster.json,40.41975308641975,1.0,11.823529411764707,6.0,37.0
WORLDVIEW02,WORLDVIEW02,2.35255861282349,2011-05-29T17:29:25.433Z,28.4302768707275,0.585882604122162,143.603851318359,71.8531799316406,193.251083374023,joplin-tornado,wind,103001000A285500,1024,1024,1024,1024,MjY0NDAwOA.f0sbhK9lGzI4QUZWnLGX_3es0HQ,joplin-tornado_00000013_post_disaster.png,-94.48258558601265,37.05511649100333,C:\Users\yanit\OneDrive\Bureau\Data Insights And Visualization\tier3\labels\joplin-tornado_00000013_post_disaster.json,40.41975308641975,20.67924528301887,11.823529411764707,5.466666666666667,5.0
WORLDVIEW02,WORLDVIEW02,2.35255861282349,2011-05-29T17:29:25.433Z,28.4302768707275,0.585882604122162,143.603851318359,71.8531799316406,193.251083374023,joplin-tornado,wind,103001000A285500,1024,1024,1024,1024,MjY0NDAxMA.7xj8F_JB43O0e48_fAUNQEoJ1pM,joplin-tornado_00000014_post_disaster.png,-94.54736417357681,37.05891825631597,C:\Users\yanit\OneDrive\Bureau\Data Insights And Visualization\tier3\labels\joplin-tornado_00000014_post_disaster.json,44.0,15.0,14.0,2.0,7.0
WORLDVIEW02,WORLDVIEW02,2.35255861282349,2011-05-29T17:29:25.433Z,28.4302768707275,0.585882604122162,143.603851318359,71.8531799316406,193.251083374023,joplin-tornado,wind,103001000A285500,1024,1024,1024,1024,MjY0NDAxMQ.2q7CnosmVUg8HDIXpmgNA3yZVcU,joplin-tornado_00000015_post_disaster.png,-94.46958547837019,37.058398548907356,C:\Users\yanit\OneDrive\Bureau\Data Insights And Visualization\tier3\labels\joplin-tornado_00000015_post_disaster.json,40.41975308641975,1.0,11.823529411764707,4.0,6.0
WORLDVIEW02,WORLDVIEW02,2.35255861282349,2011-05-29T17:29:25.433Z,28.4302768707275,0.585882604122162,143.603851318359,71.8531799316406,193.251083374023,joplin-tornado,wind,103001000A285500,1024,1024,1024,1024,MjY0NDAxMw.3qMCzxn_gGP4bu0qwqc3E4KCOVY,joplin-tornado_00000016_post_disaster.png,-94.5433799860563,37.05900748668155,C:\Users\yanit\OneDrive\Bureau\Data Insights And Visualization\tier3\labels\joplin-tornado_00000016_post_disaster.json,94.0,30.0,25.0,5.466666666666667,10.0
WORLDVIEW02,WORLDVIEW02,2.35255861282349,2011-05-29T17:29:25.433Z,28.4302768707275,0.585882604122162,143.603851318359,71.8531799316406,193.251083374023,joplin-tornado,wind,103001000A285500,1024,1024,1024,1024,MjY0NDAxNQ.-lqdNfYMllTqFtK5lW4yPB31w6Y,joplin-tornado_00000017_post_disaster.png,-94.46576342434193,37.058160966123324,C:\Users\yanit\OneDrive\Bureau\Data Insights And Visualization\tier3\labels\joplin-tornado_00000017_post_disaster.json,40.41975308641975,20.67924528301887,11.823529411764707,4.0,21.0
WORLDVIEW02,WORLDVIEW02,2.35255861282349,2011-05-29T17:29:25.433Z,28.4302768707275,0.585882604122162,143.603851318359,71.8531799316406,193.251083374023,joplin-tornado,wind,103001000A285500,1024,1024,1024,1024,MjY0NDAxNw.WYDnd8QdBI_paASdyfAAeq3xhww,joplin-tornado_00000018_post_disaster.png,-94.53720143092892,37.05914812089032,C:\Users\yanit\OneDrive\Bureau\Data Insights And Visualization\tier3\labels\joplin-tornado_00000018_post_disaster.json,19.0,7.0,2.0,5.466666666666667,60.925925925925924
WORLDVIEW02,WORLDVIEW02,2.35255861282349,2011-05-29T17:29:25.433Z,28.4302768707275,0.585882604122162,143.603851318359,71.8531799316406,193.251083374023,joplin-tornado,wind,103001000A285500,1024,1024,1024,1024,MjY0NDAxOQ.9x0-cvMaCYLB0CommYCbIN1-fZI,joplin-tornado_00000019_post_disaster.png,-94.46158613558428,37.05856556871961,C:\Users\yanit\OneDrive\Bureau\Data Insights And Visualization\tier3\labels\joplin-tornado_00000019_post_disaster.json,40.41975308641975,1.0,11.823529411764707,2.0,25.0
WORLDVIEW02,WORLDVIEW02,2.35255861282349,2011-05-29T17:29:25.433Z,28.4302768707275,0.585882604122162,143.603851318359,71.8531799316406,193.251083374023,joplin-tornado,wind,103001000A285500,1024,1024,1024,1024,MjY0NDAyMQ.Z-4oPp_jjh_f9QQZ_R4G5ooW4Os,joplin-tornado_00000020_post_disaster.png,-94.53181701639448,37.05942547163494,C:\Users\yanit\OneDrive\Bureau\Data Insights And Visualization\tier3\labels\joplin-tornado_00000020_post_disaster.json,7.0,19.0,17.0,3.0,2.0
WORLDVIEW02,WORLDVIEW02,2.35255861282349,2011-05-29T17:29:25.433Z,28.4302768707275,0.585882604122162,143.603851318359,71.8531799316406,193.251083374023,joplin-tornado,wind,103001000A285500,1024,1024,1024,1024,MjY0NDAyMw.dxCORu6Vt57nJekVE4oEj9pqbOc,joplin-tornado_00000021_post_disaster.png,-94.45375242682972,37.05796971654313,C:\Users\yanit\OneDrive\Bureau\Data Insights And Visualization\tier3\labels\joplin-tornado_00000021_post_disaster.json,40.41975308641975,20.67924528301887,11.823529411764707,2.0,4.0
WORLDVIEW02,WORLDVIEW02,2.35255861282349,2011-05-29T17:29:25.433Z,28.4302768707275,0.585882604122162,143.603851318359,71.8531799316406,193.251083374023,joplin-tornado,wind,103001000A285500,1024,1024,1024,1024,MjY0NDAyNQ.t6t5D7Ii_nEfgRZanV8DXgBT3jI,joplin-tornado_00000022_post_disaster.png,-94.52757180945261,37.060179580242774,C:\Users\yanit\OneDrive\Bureau\Data Insights And Visualization\tier3\labels\joplin-tornado_00000022_post_disaster.json,4.0,20.67924528301887,2.0,2.0,60.925925925925924
WORLDVIEW02,WORLDVIEW02,2.35255861282349,2011-05-29T17:29:25.433Z,28.4302768707275,0.585882604122162,143.603851318359,71.8531799316406,193.251083374023,joplin-tornado,wind,103001000A285500,1024,1024,1024,1024,MjY0NDAyNw.xFPqutqNdVDftiS7oNwyxoLUoSM,joplin-tornado_00000023_post_disaster.png,-94.55836209456325,37.050249591362544,C:\Users\yanit\OneDrive\Bureau\Data Insights And Visualization\tier3\labels\joplin-tornado_00000023_post_disaster.json,40.41975308641975,20.67924528301887,11.823529411764707,5.466666666666667,47.0
WORLDVIEW02,WORLDVIEW02,2.35255861282349,2011-05-29T17:29:25.433Z,28.4302768707275,0.585882604122162,143.603851318359,71.8531799316406,193.251083374023,joplin-tornado,wind,103001000A285500,1024,1024,1024,1024,MjY0NDAyOQ.j3KPGUKHR2E4HYjLA2If87-LN5s,joplin-tornado_00000024_post_disaster.png,-94.45192145395895,37.05975466337668,C:\Users\yanit\OneDrive\Bureau\Data Insights And Visualization\tier3\labels\joplin-tornado_00000024_post_disaster.json,40.41975308641975,20.67924528301887,1.0,5.466666666666667,2.0
WORLDVIEW02,WORLDVIEW02,2.35255861282349,2011-05-29T17:29:25.433Z,28.4302768707275,0.585882604122162,143.603851318359,71.8531799316406,193.251083374023,joplin-tornado,wind,103001000A285500,1024,1024,1024,1024,MjY0NDAzMQ.9nbnjXBoM_i_S6Jx44mwL69Cd8E,joplin-tornado_00000025_post_disaster.png,-94.52219698920655,37.059458048556245,C:\Users\yanit\OneDrive\Bureau\Data Insights And Visualization\tier3\labels\joplin-tornado_00000025_post_disaster.json,56.0,33.0,17.0,6.0,7.0
WORLDVIEW02,WORLDVIEW02,2.35255861282349,2011-05-29T17:29:25.433Z,28.4302768707275,0.585882604122162,143.603851318359,71.8531799316406,193.251083374023,joplin-tornado,wind,103001000A285500,1024,1024,1024,1024,MjY0NDAzMw._SFuyPZP7me6PP-DqP81sK0WCBM,joplin-tornado_00000026_post_disaster.png,-94.49379054245436,37.065119593377815,C:\Users\yanit\OneDrive\Bureau\Data Insights And Visualization\tier3\labels\joplin-tornado_00000026_post_disaster.json,40.41975308641975,20.67924528301887,11.823529411764707,5.466666666666667,60.925925925925924
WORLDVIEW02,WORLDVIEW02,2.35255861282349,2011-05-29T17:29:25.433Z,28.4302768707275,0.585882604122162,143.603851318359,71.8531799316406,193.251083374023,joplin-tornado,wind,103001000A285500,1024,1024,1024,1024,MjY0NDAzNQ.VLAdOUE5j7bOmyJZwyx3PDdaeHc,joplin-tornado_00000027_post_disaster.png,-94.51655615490242,37.05918085519644,C:\Users\yanit\OneDrive\Bureau\Data Insights And Visualization\tier3\labels\joplin-tornado_00000027_post_disaster.json,23.0,76.0,20.0,6.0,85.0
WORLDVIEW02,WORLDVIEW02,2.35255861282349,2011-05-29T17:29:25.433Z,28.4302768707275,0.585882604122162,143.603851318359,71.8531799316406,193.251083374023,joplin-tornado,wind,103001000A285500,1024,1024,1024,1024,MjY0NDAzNw.fZISg_qFn2EMFfMlJEhPy9C7Ji0,joplin-tornado_00000028_post_disaster.png,-94.52240809309032,37.07186920133267,C:\Users\yanit\OneDrive\Bureau\Data Insights And Visualization\tier3\labels\joplin-tornado_00000028_post_disaster.json,40.41975308641975,20.67924528301887,11.823529411764707,5.466666666666667,407.0
WORLDVIEW02,WORLDVIEW02,2.35255861282349,2011-05-29T17:29:25.433Z,28.4302768707275,0.585882604122162,143.603851318359,71.8531799316406,193.251083374023,joplin-tornado,wind,103001000A285500,1024,1024,1024,1024,MjY0NDAzOQ.Nl4HHrdIFfybWQ0J0CSYjfYprjI,joplin-tornado_00000029_post_disaster.png,-94.55408588966758,37.050568809137644,C:\Users\yanit\OneDrive\Bureau\Data Insights And Visualization\tier3\labels\joplin-tornado_00000029_post_disaster.json,40.41975308641975,20.67924528301887,11.823529411764707,5.466666666666667,30.0
WORLDVIEW02,WORLDVIEW02,2.35255861282349,2011-05-29T17:29:25.433Z,28.4302768707275,0.585882604122162,143.603851318359,71.8531799316406,193.251083374023,joplin-tornado,wind,103001000A285500,1024,1024,1024,1024,MjY0NDA0MQ.yJEJKNSVpXB7O8Y1xRpiV8pFZl8,joplin-tornado_00000030_post_disaster.png,-94.43873371225824,37.06035994478166,C:\Users\yanit\OneDrive\Bureau\Data Insights And Visualization\tier3\labels\joplin-tornado_00000030_post_disaster.json,8.0,1.0,6.0,2.0,10.0
WORLDVIEW02,WORLDVIEW02,2.35255861282349,2011-05-29T17:29:25.433Z,28.4302768707275,0.585882604122162,143.603851318359,71.8531799316406,193.251083374023,joplin-tornado,wind,103001000A285500,1024,1024,1024,1024,MjY0NDA0Mw.OXXqNVVVd2CrUjp68uxho8erwok,joplin-tornado_00000031_post_disaster.png,-94.51157708129813,37.05935828072068,C:\Users\yanit\OneDrive\Bureau\Data Insights And Visualization\tier3\labels\joplin-tornado_00000031_post_disaster.json,38.0,86.0,15.0,5.466666666666667,151.0
WORLDVIEW02,WORLDVIEW02,2.35255861282349,2011-05-29T17:29:25.433Z,28.4302768707275,0.585882604122162,143.603851318359,71.8531799316406,193.251083374023,joplin-tornado,wind,103001000A285500,1024,1024,1024,1024,MjY0NDA0NQ.jr_h8QJRq5bT2M_Z1uhdxg7q5CE,joplin-tornado_00000032_post_disaster.png,-94.43614146538586,37.060545799058616,C:\Users\yanit\OneDrive\Bureau\Data Insights And Visualization\tier3\labels\joplin-tornado_00000032_post_disaster.json,3.0,3.0,3.0,2.0,1.0
WORLDVIEW02,WORLDVIEW02,2.35255861282349,2011-05-29T17:29:25.433Z,28.4302768707275,0.585882604122162,143.603851318359,71.8531799316406,193.251083374023,joplin-tornado,wind,103001000A285500,1024,1024,1024,1024,MjY0NDA0Nw.SsdhWmX6Cez-PkdYd1eiEoMlNwE,joplin-tornado_00000033_post_disaster.png,-94.5065425037652,37.05937223486426,C:\Users\yanit\OneDrive\Bureau\Data Insights And Visualization\tier3\labels\joplin-tornado_00000033_post_disaster.json,9.0,114.0,3.0,6.0,143.0
WORLDVIEW02,WORLDVIEW02,2.35255861282349,2011-05-29T17:29:25.433Z,28.4302768707275,0.585882604122162,143.603851318359,71.8531799316406,193.251083374023,joplin-tornado,wind,103001000A285500,1024,1024,1024,1024,MjY0NDA0OQ.Dp79QKzeFMROVBN7URmOBeRdbzA,joplin-tornado_00000034_post_disaster.png,-94.54928022499176,37.052413441593195,C:\Users\yanit\OneDrive\Bureau\Data Insights And Visualization\tier3\labels\joplin-tornado_00000034_post_disaster.json,40.41975308641975,20.67924528301887,11.823529411764707,5.466666666666667,3.0
WORLDVIEW02,WORLDVIEW02,2.35255861282349,2011-05-29T17:29:25.433Z,28.4302768707275,0.585882604122162,143.603851318359,71.8531799316406,193.251083374023,joplin-tornado,wind,103001000A285500,1024,1024,1024,1024,MjY0NDA1MQ.x7B7fljOPKgTrCMTLJQJiKPZ5IA,joplin-tornado_00000035_post_disaster.png,-94.50134340675368,37.05952348255256,C:\Users\yanit\OneDrive\Bureau\Data Insights And Visualization\tier3\labels\joplin-tornado_00000035_post_disaster.json,8.0,43.0,1.0,5.0,119.0
WORLDVIEW02,WORLDVIEW02,2.35255861282349,2011-05-29T17:29:25.433Z,28.4302768707275,0.585882604122162,143.603851318359,71.8531799316406,193.251083374023,joplin-tornado,wind,103001000A285500,1024,1024,1024,1024,MjY0NDA1Mw.I1-ETI448vBahgftzYLTpkHw6bE,joplin-tornado_00000036_post_disaster.png,-94.51691343726257,37.071903283172624,C:\Users\yanit\OneDrive\Bureau\Data Insights And Visualization\tier3\labels\joplin-tornado_00000036_post_disaster.json,40.41975308641975,6.0,11.823529411764707,22.0,253.0
WORLDVIEW02,WORLDVIEW02,2.35255861282349,2011-05-29T17:29:25.433Z,28.4302768707275,0.585882604122162,143.603851318359,71.8531799316406,193.251083374023,joplin-tornado,wind,103001000A285500,1024,1024,1024,1024,MjY0NDA1NQ.r28a-AVac0U-IS1Ws90R-H8FNnE,joplin-tornado_00000037_post_disaster.png,-94.48039226834935,37.0752118678275,C:\Users\yanit\OneDrive\Bureau\Data Insights And Visualization\tier3\labels\joplin-tornado_00000037_post_disaster.json,4.0,29.0,3.0,21.0,88.0
WORLDVIEW02,WORLDVIEW02,2.35255861282349,2011-05-29T17:29:25.433Z,28.4302768707275,0.585882604122162,143.603851318359,71.8531799316406,193.251083374023,joplin-tornado,wind,103001000A285500,1024,1024,1024,1024,MjY0NDA1Nw.0Ozys_H8Saxdyg2x5N6D4uWBsA0,joplin-tornado_00000038_post_disaster.png,-94.49628620489074,37.05928279484079,C:\Users\yanit\OneDrive\Bureau\Data Insights And Visualization\tier3\labels\joplin-tornado_00000038_post_disaster.json,40.41975308641975,10.0,11.823529411764707,12.0,165.0
WORLDVIEW02,WORLDVIEW02,2.35255861282349,2011-05-29T17:29:25.433Z,28.4302768707275,0.585882604122162,143.603851318359,71.8531799316406,193.251083374023,joplin-tornado,wind,103001000A285500,1024,1024,1024,1024,MjY0NDA1OQ.k4FOm5Ir_vHkVZqQAMjH6isuxOE,joplin-tornado_00000039_post_disaster.png,-94.51229914884547,37.072066508922916,C:\Users\yanit\OneDrive\Bureau\Data Insights And Visualization\tier3\labels\joplin-tornado_00000039_post_disaster.json,2.0,36.0,3.0,21.0,224.0
WORLDVIEW02,WORLDVIEW02,2.35255861282349,2011-05-29T17:29:25.433Z,28.4302768707275,0.585882604122162,143.603851318359,71.8531799316406,193.251083374023,joplin-tornado,wind,103001000A285500,1024,1024,1024,1024,MjY0NDA2MQ.ehqkOePgShUTxb9cupwcSoqn1JI,joplin-tornado_00000040_post_disaster.png,-94.49100616254515,37.05956582771148,C:\Users\yanit\OneDrive\Bureau\Data Insights And Visualization\tier3\labels\joplin-tornado_00000040_post_disaster.json,40.41975308641975,20.0,11.823529411764707,12.0,169.0
WORLDVIEW02,WORLDVIEW02,2.35255861282349,2011-05-29T17:29:25.433Z,28.4302768707275,0.585882604122162,143.603851318359,71.8531799316406,193.251083374023,joplin-tornado,wind,103001000A285500,1024,1024,1024,1024,MjY0NDA2Mw.RoqJcTrkUiUemd9rjmw1evuJ2EE,joplin-tornado_00000041_post_disaster.png,-94.47613733606356,37.075491152559024,C:\Users\yanit\OneDrive\Bureau\Data Insights And Visualization\tier3\labels\joplin-tornado_00000041_post_disaster.json,6.0,3.0,5.0,7.0,37.0
WORLDVIEW02,WORLDVIEW02,2.35255861282349,2011-05-29T17:29:25.433Z,28.4302768707275,0.585882604122162,143.603851318359,71.8531799316406,193.251083374023,joplin-tornado,wind,103001000A285500,1024,1024,1024,1024,MjY0NDA2NQ.OyjStRBHLFiX4MwCjIN-cYkOMPk,joplin-tornado_00000042_post_disaster.png,-94.4858950972962,37.0595498887819,C:\Users\yanit\OneDrive\Bureau\Data Insights And Visualization\tier3\labels\joplin-tornado_00000042_post_disaster.json,40.41975308641975,5.0,11.823529411764707,6.0,139.0
WORLDVIEW02,WORLDVIEW02,2.35255861282349,2011-05-29T17:29:25.433Z,28.4302768707275,0.585882604122162,143.603851318359,71.8531799316406,193.251083374023,joplin-tornado,wind,103001000A285500,1024,1024,1024,1024,MjY0NDA2Nw.gQr4XksrEe-skxwHhgjhJcfOZqs,joplin-tornado_00000043_post_disaster.png,-94.48072615537545,37.06682951031052,C:\Users\yanit\OneDrive\Bureau\Data Insights And Visualization\tier3\labels\joplin-tornado_00000043_post_disaster.json,62.0,30.0,25.0,7.0,15.0
WORLDVIEW02,WORLDVIEW02,2.35255861282349,2011-05-29T17:29:25.433Z,28.4302768707275,0.585882604122162,143.603851318359,71.8531799316406,193.251083374023,joplin-tornado,wind,103001000A285500,1024,1024,1024,1024,MjY0NDA2OQ.fxtseswg82OkQGfQjHT_cR7r9Sw,joplin-tornado_00000044_post_disaster.png,-94.47130804798681,37.075102853097206,C:\Users\yanit\OneDrive\Bureau\Data Insights And Visualization\tier3\labels\joplin-tornado_00000044_post_disaster.json,40.41975308641975,21.0,2.0,18.0,76.0
WORLDVIEW02,WORLDVIEW02,2.35255861282349,2011-05-29T17:29:25.433Z,28.4302768707275,0.585882604122162,143.603851318359,71.8531799316406,193.251083374023,joplin-tornado,wind,103001000A285500,1024,1024,1024,1024,MjY0NDA3MQ._YzmWAqahr2z_47vu5CmpcZG7Mw,joplin-tornado_00000045_post_disaster.png,-94.48282804226272,37.06023926912611,C:\Users\yanit\OneDrive\Bureau\Data Insights And Visualization\tier3\labels\joplin-tornado_00000045_post_disaster.json,40.41975308641975,20.67924528301887,11.823529411764707,5.466666666666667,11.0
WORLDVIEW02,WORLDVIEW02,2.35255861282349,2011-05-29T17:29:25.433Z,28.4302768707275,0.585882604122162,143.603851318359,71.8531799316406,193.251083374023,joplin-tornado,wind,103001000A285500,1024,1024,1024,1024,MjY0NDA3Mw.QxPoxnMbcUu6iCgw9QRx-uVftQ8,joplin-tornado_00000046_post_disaster.png,-94.50677126300124,37.072094023315906,C:\Users\yanit\OneDrive\Bureau\Data Insights And Visualization\tier3\labels\joplin-tornado_00000046_post_disaster.json,6.0,60.0,7.0,10.0,162.0
WORLDVIEW02,WORLDVIEW02,2.35255861282349,2011-05-29T17:29:25.433Z,28.4302768707275,0.585882604122162,143.603851318359,71.8531799316406,193.251083374023,joplin-tornado,wind,103001000A285500,1024,1024,1024,1024,MjY0NDA3NQ.mYQnTFOYIZ3rxOw_4pgUzcscTxk,joplin-tornado_00000047_post_disaster.png,-94.47565092380351,37.06772221083334,C:\Users\yanit\OneDrive\Bureau\Data Insights And Visualization\tier3\labels\joplin-tornado_00000047_post_disaster.json,6.0,20.67924528301887,3.0,2.0,6.0
WORLDVIEW02,WORLDVIEW02,2.35255861282349,2011-05-29T17:29:25.433Z,28.4302768707275,0.585882604122162,143.603851318359,71.8531799316406,193.251083374023,joplin-tornado,wind,103001000A285500,1024,1024,1024,1024,MjY0NDA3Nw.4khnbYq5XQLOVNn08ofzrp6OeZw,joplin-tornado_00000048_post_disaster.png,-94.46567172839218,37.07527194557255,C:\Users\yanit\OneDrive\Bureau\Data Insights And Visualization\tier3\labels\joplin-tornado_00000048_post_disaster.json,40.41975308641975,18.0,2.0,6.0,65.0
WORLDVIEW02,WORLDVIEW02,2.35255861282349,2011-05-29T17:29:25.433Z,28.4302768707275,0.585882604122162,143.603851318359,71.8531799316406,193.251083374023,joplin-tornado,wind,103001000A285500,1024,1024,1024,1024,MjY0NDA3OQ.4g3Mz54c_ptkq3FNpykF4vbAX-Q,joplin-tornado_00000049_post_disaster.png,-94.46002779781848,37.075540888468375,C:\Users\yanit\OneDrive\Bureau\Data Insights And Visualization\tier3\labels\joplin-tornado_00000049_post_disaster.json,1.0,6.0,1.0,11.0,64.0
WORLDVIEW02,WORLDVIEW02,2.35255861282349,2011-05-29T17:29:25.433Z,28.4302768707275,0.585882604122162,143.603851318359,71.8531799316406,193.251083374023,joplin-tornado,wind,103001000A285500,1024,1024,1024,1024,MjY0NDA4MQ.u0vSVD-8VmUISGXqenH72KU_Ww8,joplin-tornado_00000050_post_disaster.png,-94.4696706533194,37.067896807105534,C:\Users\yanit\OneDrive\Bureau\Data Insights And Visualization\tier3\labels\joplin-tornado_00000050_post_disaster.json,11.0,20.67924528301887,3.0,1.0,60.925925925925924
WORLDVIEW02,WORLDVIEW02,2.35255861282349,2011-05-29T17:29:25.433Z,28.4302768707275,0.585882604122162,143.603851318359,71.8531799316406,193.251083374023,joplin-tornado,wind,103001000A285500,1024,1024,1024,1024,MjY0NDA4Mw.ExGEwIJtxcQvCE_4tZt-S34N2i4,joplin-tornado_00000051_post_disaster.png,-94.48034285170657,37.05414224235829,C:\Users\yanit\OneDrive\Bureau\Data Insights And Visualization\tier3\labels\joplin-tornado_00000051_post_disaster.json,40.41975308641975,20.67924528301887,11.823529411764707,5.0,29.0
WORLDVIEW02,WORLDVIEW02,2.35255861282349,2011-05-29T17:29:25.433Z,28.4302768707275,0.585882604122162,143.603851318359,71.8531799316406,193.251083374023,joplin-tornado,wind,103001000A285500,1024,1024,1024,1024,MjY0NDA4NQ.gorMs-UBLBkhDaDMdwUeuVRgywY,joplin-tornado_00000052_post_disaster.png,-94.55787646602974,37.05453167147555,C:\Users\yanit\OneDrive\Bureau\Data Insights And Visualization\tier3\labels\joplin-tornado_00000052_post_disaster.json,2.0,5.0,1.0,5.466666666666667,24.0
WORLDVIEW02,WORLDVIEW02,2.35255861282349,2011-05-29T17:29:25.433Z,28.4302768707275,0.585882604122162,143.603851318359,71.8531799316406,193.251083374023,joplin-tornado,wind,103001000A285500,1024,1024,1024,1024,MjY0NDA4Nw.jFLc454uXxvvPG3rZF3XOmdjEG4,joplin-tornado_00000053_post_disaster.png,-94.45526399557484,37.07527093539242,C:\Users\yanit\OneDrive\Bureau\Data Insights And Visualization\tier3\labels\joplin-tornado_00000053_post_disaster.json,1.0,14.0,2.0,7.0,64.0
WORLDVIEW02,WORLDVIEW02,2.35255861282349,2011-05-29T17:29:25.433Z,28.4302768707275,0.585882604122162,143.603851318359,71.8531799316406,193.251083374023,joplin-tornado,wind,103001000A285500,1024,1024,1024,1024,MjY0NDA4OQ.OmNM6T3HvzDKXVWVfoUZdI-3Ojs,joplin-tornado_00000054_post_disaster.png,-94.47598629604067,37.05517619410448,C:\Users\yanit\OneDrive\Bureau\Data Insights And Visualization\tier3\labels\joplin-tornado_00000054_post_disaster.json,40.41975308641975,1.0,11.823529411764707,1.0,21.0
WORLDVIEW02,WORLDVIEW02,2.35255861282349,2011-05-29T17:29:25.433Z,28.4302768707275,0.585882604122162,143.603851318359,71.8531799316406,193.251083374023,joplin-tornado,wind,103001000A285500,1024,1024,1024,1024,MjY0NDA5MQ.Q5VuHT2HvDW5Lz8AMw3agiK2Fqo,joplin-tornado_00000055_post_disaster.png,-94.5534386408944,37.05515570346199,C:\Users\yanit\OneDrive\Bureau\Data Insights And Visualization\tier3\labels\joplin-tornado_00000055_post_disaster.json,40.41975308641975,12.0,1.0,3.0,9.0
WORLDVIEW02,WORLDVIEW02,2.35255861282349,2011-05-29T17:29:25.433Z,28.4302768707275,0.585882604122162,143.603851318359,71.8531799316406,193.251083374023,joplin-tornado,wind,103001000A285500,1024,1024,1024,1024,MjY0NDA5Mw.hTe4EUXWDfQTzHMTgJ7XOK7ff-U,joplin-tornado_00000056_post_disaster.png,-94.44930443244314,37.07657994322889,C:\Users\yanit\OneDrive\Bureau\Data Insights And Visualization\tier3\labels\joplin-tornado_00000056_post_disaster.json,40.41975308641975,2.0,11.823529411764707,2.0,21.0
WORLDVIEW02,WORLDVIEW02,2.35255861282349,2011-05-29T17:29:25.433Z,28.4302768707275,0.585882604122162,143.603851318359,71.8531799316406,193.251083374023,joplin-tornado,wind,103001000A285500,1024,1024,1024,1024,MjY0NDA5NQ.fYOrqhKlFzBV5L1h1bUG2h3MaBM,joplin-tornado_00000057_post_disaster.png,-94.46591991781801,37.06732418753806,C:\Users\yanit\OneDrive\Bureau\Data Insights And Visualization\tier3\labels\joplin-tornado_00000057_post_disaster.json,24.0,20.67924528301887,11.823529411764707,2.0,60.925925925925924
WORLDVIEW02,WORLDVIEW02,2.35255861282349,2011-05-29T17:29:25.433Z,28.4302768707275,0.585882604122162,143.603851318359,71.8531799316406,193.251083374023,joplin-tornado,wind,103001000A285500,1024,1024,1024,1024,MjY0NDA5Nw.r1wXTSRnlFBVpoLJptqkf7YMg0k,joplin-tornado_00000058_post_disaster.png,-94.54797653219855,37.05539457374265,C:\Users\yanit\OneDrive\Bureau\Data Insights And Visualization\tier3\labels\joplin-tornado_00000058_post_disaster.json,1.0,9.0,3.0,2.0,9.0
WORLDVIEW02,WORLDVIEW02,2.35255861282349,2011-05-29T17:29:25.433Z,28.4302768707275,0.585882604122162,143.603851318359,71.8531799316406,193.251083374023,joplin-tornado,wind,103001000A285500,1024,1024,1024,1024,MjY0NDA5OQ.fj_kL9tnZIL3Zu8MkTRXXoNmG5M,joplin-tornado_00000059_post_disaster.png,-94.47034670555666,37.05607624919092,C:\Users\yanit\OneDrive\Bureau\Data Insights And Visualization\tier3\labels\joplin-tornado_00000059_post_disaster.json,40.41975308641975,20.67924528301887,11.823529411764707,2.0,6.0
WORLDVIEW02,WORLDVIEW02,2.35255861282349,2011-05-29T17:29:25.433Z,28.4302768707275,0.585882604122162,143.603851318359,71.8531799316406,193.251083374023,joplin-tornado,wind,103001000A285500,1024,1024,1024,1024,MjY0NDEwMQ.AJ5FIDMPiR3_9WYcZU_nczx_WG8,joplin-tornado_00000060_post_disaster.png,-94.44523599484144,37.076136747186986,C:\Users\yanit\OneDrive\Bureau\Data Insights And Visualization\tier3\labels\joplin-tornado_00000060_post_disaster.json,40.41975308641975,5.0,11.823529411764707,7.0,33.0
WORLDVIEW02,WORLDVIEW02,2.35255861282349,2011-05-29T17:29:25.433Z,28.4302768707275,0.585882604122162,143.603851318359,71.8531799316406,193.251083374023,joplin-tornado,wind,103001000A285500,1024,1024,1024,1024,MjY0NDEwMw.RcYyWgMxtB4sD9rwNilmjUzoZwk,joplin-tornado_00000061_post_disaster.png,-94.46534974119388,37.05566363726582,C:\Users\yanit\OneDrive\Bureau\Data Insights And Visualization\tier3\labels\joplin-tornado_00000061_post_disaster.json,40.41975308641975,20.67924528301887,11.823529411764707,5.466666666666667,18.0
WORLDVIEW02,WORLDVIEW02,2.35255861282349,2011-05-29T17:29:25.433Z,28.4302768707275,0.585882604122162,143.603851318359,71.8531799316406,193.251083374023,joplin-tornado,wind,103001000A285500,1024,1024,1024,1024,MjY0NDEwNQ.6ViEUJMX6yleXiRXcHYxGiq2Rto,joplin-tornado_00000062_post_disaster.png,-94.54300775724032,37.05540536590195,C:\Users\yanit\OneDrive\Bureau\Data Insights And Visualization\tier3\labels\joplin-tornado_00000062_post_disaster.json,3.0,24.0,4.0,2.0,16.0
WORLDVIEW02,WORLDVIEW02,2.35255861282349,2011-05-29T17:29:25.433Z,28.4302768707275,0.585882604122162,143.603851318359,71.8531799316406,193.251083374023,joplin-tornado,wind,103001000A285500,1024,1024,1024,1024,MjY0NDEwNw.rhgwJ7xEV1mjqFvUQNs3HbdNl1Y,joplin-tornado_00000063_post_disaster.png,-94.45960922646901,37.067537654406784,C:\Users\yanit\OneDrive\Bureau\Data Insights And Visualization\tier3\labels\joplin-tornado_00000063_post_disaster.json,40.0,1.0,3.0,3.0,60.925925925925924
WORLDVIEW02,WORLDVIEW02,2.35255861282349,2011-05-29T17:29:25.433Z,28.4302768707275,0.585882604122162,143.603851318359,71.8531799316406,193.251083374023,joplin-tornado,wind,103001000A285500,1024,1024,1024,1024,MjY0NDEwOQ.op_CzmI0vHb5q8aYhS4sdPi-4i0,joplin-tornado_00000064_post_disaster.png,-94.45909847847615,37.053474111106894,C:\Users\yanit\OneDrive\Bureau\Data Insights And Visualization\tier3\labels\joplin-tornado_00000064_post_disaster.json,40.41975308641975,20.67924528301887,11.823529411764707,5.466666666666667,6.0
WORLDVIEW02,WORLDVIEW02,2.35255861282349,2011-05-29T17:29:25.433Z,28.4302768707275,0.585882604122162,143.603851318359,71.8531799316406,193.251083374023,joplin-tornado,wind,103001000A285500,1024,1024,1024,1024,MjY0NDExMQ.nWqzZTg6oDDyDPWeAYV0OWJE0iw,joplin-tornado_00000065_post_disaster.png,-94.53738194243012,37.05539987044713,C:\Users\yanit\OneDrive\Bureau\Data Insights And Visualization\tier3\labels\joplin-tornado_00000065_post_disaster.json,40.41975308641975,20.0,11.823529411764707,1.0,17.0
WORLDVIEW02,WORLDVIEW02,2.35255861282349,2011-05-29T17:29:25.433Z,28.4302768707275,0.585882604122162,143.603851318359,71.8531799316406,193.251083374023,joplin-tornado,wind,103001000A285500,1024,1024,1024,1024,MjY0NDExMw.5fezUBhiCt3NN88W9sbltBLuHMk,joplin-tornado_00000066_post_disaster.png,-94.53215636949855,37.055166063234,C:\Users\yanit\OneDrive\Bureau\Data Insights And Visualization\tier3\labels\joplin-tornado_00000066_post_disaster.json,40.41975308641975,3.0,11.823529411764707,5.466666666666667,13.0
WORLDVIEW02,WORLDVIEW02,2.35255861282349,2011-05-29T17:29:25.433Z,28.4302768707275,0.585882604122162,143.603851318359,71.8531799316406,193.251083374023,joplin-tornado,wind,103001000A285500,1024,1024,1024,1024,MjY0NDExNQ.XkNVJIKjYQw8nyXyEVi9LGQpX6E,joplin-tornado_00000067_post_disaster.png,-94.45458291320465,37.05460975068052,C:\Users\yanit\OneDrive\Bureau\Data Insights And Visualization\tier3\labels\joplin-tornado_00000067_post_disaster.json,40.41975308641975,20.67924528301887,11.823529411764707,5.466666666666667,6.0
WORLDVIEW02,WORLDVIEW02,2.35255861282349,2011-05-29T17:29:25.433Z,28.4302768707275,0.585882604122162,143.603851318359,71.8531799316406,193.251083374023,joplin-tornado,wind,103001000A285500,1024,1024,1024,1024,MjY0NDExNw.TJTZWgDs18BgVCuXkP0mZXJttrI,joplin-tornado_00000068_post_disaster.png,-94.455381313434,37.06711754573528,C:\Users\yanit\OneDrive\Bureau\Data Insights And Visualization\tier3\labels\joplin-tornado_00000068_post_disaster.json,23.0,2.0,7.0,2.0,60.925925925925924
WORLDVIEW02,WORLDVIEW02,2.35255861282349,2011-05-29T17:29:25.433Z,28.4302768707275,0.585882604122162,143.603851318359,71.8531799316406,193.251083374023,joplin-tornado,wind,103001000A285500,1024,1024,1024,1024,MjY0NDEyMA.2-01YGjC06CAzpLpfqG5o2uUn14,joplin-tornado_00000069_post_disaster.png,-94.45058049654033,37.05395469517755,C:\Users\yanit\OneDrive\Bureau\Data Insights And Visualization\tier3\labels\joplin-tornado_00000069_post_disaster.json,40.41975308641975,20.67924528301887,11.823529411764707,3.0,16.0
WORLDVIEW02,WORLDVIEW02,2.35255861282349,2011-05-29T17:29:25.433Z,28.4302768707275,0.585882604122162,143.603851318359,71.8531799316406,193.251083374023,joplin-tornado,wind,103001000A285500,1024,1024,1024,1024,MjY0NDEyMQ.lI3hjg2Gu4y6LsusSM4akkcOcF4,joplin-tornado_00000070_post_disaster.png,-94.52603127000131,37.053221857486555,C:\Users\yanit\OneDrive\Bureau\Data Insights And Visualization\tier3\labels\joplin-tornado_00000070_post_disaster.json,40.41975308641975,20.67924528301887,11.823529411764707,1.0,2.0
WORLDVIEW02,WORLDVIEW02,2.35255861282349,2011-05-29T17:29:25.433Z,28.4302768707275,0.585882604122162,143.603851318359,71.8531799316406,193.251083374023,joplin-tornado,wind,103001000A285500,1024,1024,1024,1024,MjY0NDEyMw.fN3BMQQ7emtp-3yNtZ6nLCzg5M0,joplin-tornado_00000071_post_disaster.png,-94.45001777791661,37.06745101377769,C:\Users\yanit\OneDrive\Bureau\Data Insights And Visualization\tier3\labels\joplin-tornado_00000071_post_disaster.json,36.0,20.67924528301887,5.0,4.0,1.0
WORLDVIEW02,WORLDVIEW02,2.35255861282349,2011-05-29T17:29:25.433Z,28.4302768707275,0.585882604122162,143.603851318359,71.8531799316406,193.251083374023,joplin-tornado,wind,103001000A285500,1024,1024,1024,1024,MjY0NDEyNQ.dBrnH7cAyDPgkW-1HnFx47JBu7Y,joplin-tornado_00000072_post_disaster.png,-94.44442355907108,37.05355122858138,C:\Users\yanit\OneDrive\Bureau\Data Insights And Visualization\tier3\labels\joplin-tornado_00000072_post_disaster.json,40.41975308641975,1.0,11.823529411764707,1.0,11.0
WORLDVIEW02,WORLDVIEW02,2.35255861282349,2011-05-29T17:29:25.433Z,28.4302768707275,0.585882604122162,143.603851318359,71.8531799316406,193.251083374023,joplin-tornado,wind,103001000A285500,1024,1024,1024,1024,MjY0NDEyOA.T4twy4hSzvlLznwas2GPjehpEgU,joplin-tornado_00000073_post_disaster.png,-94.52173800381561,37.055270999546345,C:\Users\yanit\OneDrive\Bureau\Data Insights And Visualization\tier3\labels\joplin-tornado_00000073_post_disaster.json,1.0,22.0,3.0,7.0,66.0
WORLDVIEW02,WORLDVIEW02,2.35255861282349,2011-05-29T17:29:25.433Z,28.4302768707275,0.585882604122162,143.603851318359,71.8531799316406,193.251083374023,joplin-tornado,wind,103001000A285500,1024,1024,1024,1024,MjY0NDEyOQ.26bMPTHNHOIaGY6xJEfh3Dvc-VQ,joplin-tornado_00000074_post_disaster.png,-94.5167911592559,37.05528404232678,C:\Users\yanit\OneDrive\Bureau\Data Insights And Visualization\tier3\labels\joplin-tornado_00000074_post_disaster.json,40.41975308641975,7.0,11.823529411764707,15.0,164.0
WORLDVIEW02,WORLDVIEW02,2.35255861282349,2011-05-29T17:29:25.433Z,28.4302768707275,0.585882604122162,143.603851318359,71.8531799316406,193.251083374023,joplin-tornado,wind,103001000A285500,1024,1024,1024,1024,MjY0NDEzMQ.ZneKGo94Uchd63vBsx0Qa4-AV8w,joplin-tornado_00000075_post_disaster.png,-94.44544049365496,37.06724595541562,C:\Users\yanit\OneDrive\Bureau\Data Insights And Visualization\tier3\labels\joplin-tornado_00000075_post_disaster.json,45.0,15.0,7.0,12.0,7.0
WORLDVIEW02,WORLDVIEW02,2.35255861282349,2011-05-29T17:29:25.433Z,28.4302768707275,0.585882604122162,143.603851318359,71.8531799316406,193.251083374023,joplin-tornado,wind,103001000A285500,1024,1024,1024,1024,MjY0NDEzMw.VA9EuJrs39ikmXm0XnVOhdqreYE,joplin-tornado_00000076_post_disaster.png,-94.5117080663137,37.05539657023163,C:\Users\yanit\OneDrive\Bureau\Data Insights And Visualization\tier3\labels\joplin-tornado_00000076_post_disaster.json,40.41975308641975,17.0,11.823529411764707,7.0,146.0
WORLDVIEW02,WORLDVIEW02,2.35255861282349,2011-05-29T17:29:25.433Z,28.4302768707275,0.585882604122162,143.603851318359,71.8531799316406,193.251083374023,joplin-tornado,wind,103001000A285500,1024,1024,1024,1024,MjY0NDEzNQ.scR_EY9y3yO8soJtAKqHRHCdL2Q,joplin-tornado_00000077_post_disaster.png,-94.50656467323027,37.05537994850828,C:\Users\yanit\OneDrive\Bureau\Data Insights And Visualization\tier3\labels\joplin-tornado_00000077_post_disaster.json,40.41975308641975,11.0,11.823529411764707,4.0,121.0
WORLDVIEW02,WORLDVIEW02,2.35255861282349,2011-05-29T17:29:25.433Z,28.4302768707275,0.585882604122162,143.603851318359,71.8531799316406,193.251083374023,joplin-tornado,wind,103001000A285500,1024,1024,1024,1024,MjY0NDEzNw.1iLicUmu7Hw5OMX23F_ALFFrGLI,joplin-tornado_00000078_post_disaster.png,-94.4396180568883,37.067563088708134,C:\Users\yanit\OneDrive\Bureau\Data Insights And Visualization\tier3\labels\joplin-tornado_00000078_post_disaster.json,5.0,19.0,1.0,9.0,66.0
WORLDVIEW02,WORLDVIEW02,2.35255861282349,2011-05-29T17:29:25.433Z,28.4302768707275,0.585882604122162,143.603851318359,71.8531799316406,193.251083374023,joplin-tornado,wind,103001000A285500,1024,1024,1024,1024,MjY0NDEzOQ.vQpLSMytg23SUzrodGp5i47-i6k,joplin-tornado_00000079_post_disaster.png,-94.50132048008665,37.055327330870625,C:\Users\yanit\OneDrive\Bureau\Data Insights And Visualization\tier3\labels\joplin-tornado_00000079_post_disaster.json,40.41975308641975,13.0,11.823529411764707,1.0,114.0
WORLDVIEW02,WORLDVIEW02,2.35255861282349,2011-05-29T17:29:25.433Z,28.4302768707275,0.585882604122162,143.603851318359,71.8531799316406,193.251083374023,joplin-tornado,wind,103001000A285500,1024,1024,1024,1024,MjY0NDE0Mg.gAiZLUpl4aCagOgc7GMTUif8TsA,joplin-tornado_00000080_post_disaster.png,-94.49626547919641,37.05522439641295,C:\Users\yanit\OneDrive\Bureau\Data Insights And Visualization\tier3\labels\joplin-tornado_00000080_post_disaster.json,40.41975308641975,20.67924528301887,11.823529411764707,1.0,118.0
WORLDVIEW02,WORLDVIEW02,2.35255861282349,2011-05-29T17:29:25.433Z,28.4302768707275,0.585882604122162,143.603851318359,71.8531799316406,193.251083374023,joplin-tornado,wind,103001000A285500,1024,1024,1024,1024,MjY0NDE0NA.E0mhMFMwvDmTstKf0NdMJtFJWx0,joplin-tornado_00000081_post_disaster.png,-94.43453768035751,37.067313076625,C:\Users\yanit\OneDrive\Bureau\Data Insights And Visualization\tier3\labels\joplin-tornado_00000081_post_disaster.json,40.41975308641975,6.0,11.823529411764707,5.0,78.0
WORLDVIEW02,WORLDVIEW02,2.35255861282349,2011-05-29T17:29:25.433Z,28.4302768707275,0.585882604122162,143.603851318359,71.8531799316406,193.251083374023,joplin-tornado,wind,103001000A285500,1024,1024,1024,1024,MjY0NDE0Ng.r5pW0u94kM17ehnnbi5bKHB77C8,joplin-tornado_00000082_post_disaster.png,-94.49059844803091,37.05561329996014,C:\Users\yanit\OneDrive\Bureau\Data Insights And Visualization\tier3\labels\joplin-tornado_00000082_post_disaster.json,40.41975308641975,20.67924528301887,11.823529411764707,2.0,123.0
WORLDVIEW02,WORLDVIEW02,2.35255861282349,2011-05-29T17:29:25.433Z,28.4302768707275,0.585882604122162,143.603851318359,71.8531799316406,193.251083374023,joplin-tornado,wind,103001000A285500,1024,1024,1024,1024,MjY0NDE0OA.4LkIsyjh97-dhSaCgk29ltLa7sc,joplin-tornado_00000083_post_disaster.png,-94.50156698146594,37.07203262376428,C:\Users\yanit\OneDrive\Bureau\Data Insights And Visualization\tier3\labels\joplin-tornado_00000083_post_disaster.json,43.0,53.0,21.0,12.0,44.0
WORLDVIEW02,WORLDVIEW02,2.35255861282349,2011-05-29T17:29:25.433Z,28.4302768707275,0.585882604122162,143.603851318359,71.8531799316406,193.251083374023,joplin-tornado,wind,103001000A285500,1024,1024,1024,1024,MjY0NDE1MA.yNQ1eYYavaP5jZGgRtvZw5qlrUY,joplin-tornado_00000084_post_disaster.png,-94.48032258654541,37.07112381236326,C:\Users\yanit\OneDrive\Bureau\Data Insights And Visualization\tier3\labels\joplin-tornado_00000084_post_disaster.json,85.0,6.0,27.0,13.0,2.0
WORLDVIEW02,WORLDVIEW02,2.35255861282349,2011-05-29T17:29:25.433Z,28.4302768707275,0.585882604122162,143.603851318359,71.8531799316406,193.251083374023,joplin-tornado,wind,103001000A285500,1024,1024,1024,1024,MjY0NDE1MQ.rz8Pwq2WsSirVgm8ewb6O0670c4,joplin-tornado_00000085_post_disaster.png,-94.47597063818996,37.07112086061893,C:\Users\yanit\OneDrive\Bureau\Data Insights And Visualization\tier3\labels\joplin-tornado_00000085_post_disaster.json,21.0,20.67924528301887,5.0,7.0,2.0
WORLDVIEW02,WORLDVIEW02,2.35255861282349,2011-05-29T17:29:25.433Z,28.4302768707275,0.585882604122162,143.603851318359,71.8531799316406,193.251083374023,joplin-tornado,wind,103001000A285500,1024,1024,1024,1024,MjY0NDE1Mw.-F1H-tIya_DQckKhK8gRqLrcXeQ,joplin-tornado_00000086_post_disaster.png,-94.496199185244,37.07185915378703,C:\Users\yanit\OneDrive\Bureau\Data Insights And Visualization\tier3\labels\joplin-tornado_00000086_post_disaster.json,95.0,23.0,4.0,4.0,2.0
WORLDVIEW02,WORLDVIEW02,2.35255861282349,2011-05-29T17:29:25.433Z,28.4302768707275,0.585882604122162,143.603851318359,71.8531799316406,193.251083374023,joplin-tornado,wind,103001000A285500,1024,1024,1024,1024,MjY0NDE1Ng.tNin-YPv6Obvjk4uiWuiecw3wwg,joplin-tornado_00000087_post_disaster.png,-94.47072358792829,37.071860799670254,C:\Users\yanit\OneDrive\Bureau\Data Insights And Visualization\tier3\labels\joplin-tornado_00000087_post_disaster.json,16.0,1.0,16.0,3.0,60.925925925925924
WORLDVIEW02,WORLDVIEW02,2.35255861282349,2011-05-29T17:29:25.433Z,28.4302768707275,0.585882604122162,143.603851318359,71.8531799316406,193.251083374023,joplin-tornado,wind,103001000A285500,1024,1024,1024,1024,MjY0NDE1OA.i5pOjfVhAEx3dcB4qkY2csnkiSg,joplin-tornado_00000088_post_disaster.png,-94.4660301294041,37.0710689576129,C:\Users\yanit\OneDrive\Bureau\Data Insights And Visualization\tier3\labels\joplin-tornado_00000088_post_disaster.json,65.0,8.0,4.0,7.0,11.0
WORLDVIEW02,WORLDVIEW02,2.35255861282349,2011-05-29T17:29:25.433Z,28.4302768707275,0.585882604122162,143.603851318359,71.8531799316406,193.251083374023,joplin-tornado,wind,103001000A285500,1024,1024,1024,1024,MjY0NDE2MA.3D455RKDFE7p97xtsAslUgARiPw,joplin-tornado_00000089_post_disaster.png,-94.49176222716962,37.071986616768555,C:\Users\yanit\OneDrive\Bureau\Data Insights And Visualization\tier3\labels\joplin-tornado_00000089_post_disaster.json,69.0,21.0,28.0,1.0,1.0
WORLDVIEW02,WORLDVIEW02,2.35255861282349,2011-05-29T17:29:25.433Z,28.4302768707275,0.585882604122162,143.603851318359,71.8531799316406,193.251083374023,joplin-tornado,wind,103001000A285500,1024,1024,1024,1024,MjY0NDE2Mg.nJll836SJAHf-WsNw5u9x9rFT8M,joplin-tornado_00000090_post_disaster.png,-94.46021807606132,37.07103004460714,C:\Users\yanit\OneDrive\Bureau\Data Insights And Visualization\tier3\labels\joplin-tornado_00000090_post_disaster.json,18.0,15.0,12.0,5.0,14.0
WORLDVIEW02,WORLDVIEW02,2.35255861282349,2011-05-29T17:29:25.433Z,28.4302768707275,0.585882604122162,143.603851318359,71.8531799316406,193.251083374023,joplin-tornado,wind,103001000A285500,1024,1024,1024,1024,MjY0NDE2Mw.BgswuWbJ9KosaS93R8UzliGjp4Y,joplin-tornado_00000091_post_disaster.png,-94.4805039291366,37.079294783435216,C:\Users\yanit\OneDrive\Bureau\Data Insights And Visualization\tier3\labels\joplin-tornado_00000091_post_disaster.json,40.41975308641975,1.0,11.823529411764707,7.0,105.0
WORLDVIEW02,WORLDVIEW02,2.35255861282349,2011-05-29T17:29:25.433Z,28.4302768707275,0.585882604122162,143.603851318359,71.8531799316406,193.251083374023,joplin-tornado,wind,103001000A285500,1024,1024,1024,1024,MjY0NDE2NQ.LpCTlK0dG4QYRSICzMo0LVwsMMI,joplin-tornado_00000092_post_disaster.png,-94.4864239553635,37.07244868229422,C:\Users\yanit\OneDrive\Bureau\Data Insights And Visualization\tier3\labels\joplin-tornado_00000092_post_disaster.json,40.41975308641975,5.0,4.0,4.0,12.0
WORLDVIEW02,WORLDVIEW02,2.35255861282349,2011-05-29T17:29:25.433Z,28.4302768707275,0.585882604122162,143.603851318359,71.8531799316406,193.251083374023,joplin-tornado,wind,103001000A285500,1024,1024,1024,1024,MjY0NDE2OA.FzN5lYXeIq6SoX6dnZD078lKj-4,joplin-tornado_00000093_post_disaster.png,-94.45591692822677,37.0701025651189,C:\Users\yanit\OneDrive\Bureau\Data Insights And Visualization\tier3\labels\joplin-tornado_00000093_post_disaster.json,10.0,3.0,6.0,5.466666666666667,1.0
WORLDVIEW02,WORLDVIEW02,2.35255861282349,2011-05-29T17:29:25.433Z,28.4302768707275,0.585882604122162,143.603851318359,71.8531799316406,193.251083374023,joplin-tornado,wind,103001000A285500,1024,1024,1024,1024,MjY0NDE3MA.u8hqoyyJoKLHFNIdwg0CAtKnWSw,joplin-tornado_00000094_post_disaster.png,-94.47593496844284,37.079532077611375,C:\Users\yanit\OneDrive\Bureau\Data Insights And Visualization\tier3\labels\joplin-tornado_00000094_post_disaster.json,40.41975308641975,2.0,11.823529411764707,9.0,148.0
WORLDVIEW02,WORLDVIEW02,2.35255861282349,2011-05-29T17:29:25.433Z,28.4302768707275,0.585882604122162,143.603851318359,71.8531799316406,193.251083374023,joplin-tornado,wind,103001000A285500,1024,1024,1024,1024,MjY0NDE3MQ.B-XiDwjwz_EDetPH42jbRdMOs60,joplin-tornado_00000095_post_disaster.png,-94.48265909392161,37.0720062888672,C:\Users\yanit\OneDrive\Bureau\Data Insights And Visualization\tier3\labels\joplin-tornado_00000095_post_disaster.json,6.0,3.0,4.0,5.466666666666667,6.0
WORLDVIEW02,WORLDVIEW02,2.35255861282349,2011-05-29T17:29:25.433Z,28.4302768707275,0.585882604122162,143.603851318359,71.8531799316406,193.251083374023,joplin-tornado,wind,103001000A285500,1024,1024,1024,1024,MjY0NDE3Mw.po4VvNz-gaG5cDX-8ztKYtQQXoc,joplin-tornado_00000096_post_disaster.png,-94.44940092632035,37.06991356768409,C:\Users\yanit\OneDrive\Bureau\Data Insights And Visualization\tier3\labels\joplin-tornado_00000096_post_disaster.json,6.0,3.0,1.0,3.0,7.0
WORLDVIEW02,WORLDVIEW02,2.35255861282349,2011-05-29T17:29:25.433Z,28.4302768707275,0.585882604122162,143.603851318359,71.8531799316406,193.251083374023,joplin-tornado,wind,103001000A285500,1024,1024,1024,1024,MjY0NDE3NQ.bw69siOb9sRhQaP19VI17AtxI_s,joplin-tornado_00000097_post_disaster.png,-94.50186544863352,37.080617880300544,C:\Users\yanit\OneDrive\Bureau\Data Insights And Visualization\tier3\labels\joplin-tornado_00000097_post_disaster.json,40.41975308641975,20.67924528301887,11.823529411764707,5.0,59.0
WORLDVIEW02,WORLDVIEW02,2.35255861282349,2011-05-29T17:29:25.433Z,28.4302768707275,0.585882604122162,143.603851318359,71.8531799316406,193.251083374023,joplin-tornado,wind,103001000A285500,1024,1024,1024,1024,MjY0NDE3Nw.Q56-VEQC81qQs3myk4QT6rW6zJ0,joplin-tornado_00000098_post_disaster.png,-94.47102769202029,37.079570010892574,C:\Users\yanit\OneDrive\Bureau\Data Insights And Visualization\tier3\labels\joplin-tornado_00000098_post_disaster.json,40.41975308641975,20.67924528301887,11.823529411764707,10.0,134.0
WORLDVIEW02,WORLDVIEW02,2.35255861282349,2011-05-29T17:29:25.433Z,28.4302768707275,0.585882604122162,143.603851318359,71.8531799316406,193.251083374023,joplin-tornado,wind,103001000A285500,1024,1024,1024,1024,MjY0NDE3OQ.CZBS2TZHhhEXX9O5h8U5DdeTRRo,joplin-tornado_00000099_post_disaster.png,-94.44581759107933,37.07157978828469,C:\Users\yanit\OneDrive\Bureau\Data Insights And Visualization\tier3\labels\joplin-tornado_00000099_post_disaster.json,2.0,3.0,1.0,3.0,16.0
WORLDVIEW02,WORLDVIEW02,2.35255861282349,2011-05-29T17:29:25.433Z,28.4302768707275,0.585882604122162,143.603851318359,71.8531799316406,193.251083374023,joplin-tornado,wind,103001000A285500,1024,1024,1024,1024,MjY0NDE4MQ.L_liC3GZFz0UOuetIHxGpURn2sk,joplin-tornado_00000100_post_disaster.png,-94.4959469154171,37.0805545198118,C:\Users\yanit\OneDrive\Bureau\Data Insights And Visualization\tier3\labels\joplin-tornado_00000100_post_disaster.json,40.41975308641975,20.67924528301887,11.823529411764707,1.0,126.0
WORLDVIEW02,WORLDVIEW02,2.35255861282349,2011-05-29T17:29:25.433Z,28.4302768707275,0.585882604122162,143.603851318359,71.8531799316406,193.251083374023,joplin-tornado,wind,103001000A285500,1024,1024,1024,1024,MjY0NDE4Mw.Mi4Zh7i2TIx2gsqTBmGz1PrTdeU,joplin-tornado_00000101_post_disaster.png,-94.49119665874917,37.08042305697369,C:\Users\yanit\OneDrive\Bureau\Data Insights And Visualization\tier3\labels\joplin-tornado_00000101_post_disaster.json,40.41975308641975,20.67924528301887,11.823529411764707,2.0,151.0
WORLDVIEW02,WORLDVIEW02,2.35255861282349,2011-05-29T17:29:25.433Z,28.4302768707275,0.585882604122162,143.603851318359,71.8531799316406,193.251083374023,joplin-tornado,wind,103001000A285500,1024,1024,1024,1024,MjY0NDE4Ng.ry7pCnLu-k_j43wLACoVmpFWX-U,joplin-tornado_00000102_post_disaster.png,-94.48651442750514,37.08028461507885,C:\Users\yanit\OneDrive\Bureau\Data Insights And Visualization\tier3\labels\joplin-tornado_00000102_post_disaster.json,40.41975308641975,20.67924528301887,11.823529411764707,5.466666666666667,140.0
WORLDVIEW02,WORLDVIEW02,2.35255861282349,2011-05-29T17:29:25.433Z,28.4302768707275,0.585882604122162,143.603851318359,71.8531799316406,193.251083374023,joplin-tornado,wind,103001000A285500,1024,1024,1024,1024,MjY0NDE4OA.JRcDEM2bNGffi7qCW-WEmSmddMo,joplin-tornado_00000103_post_disaster.png,-94.55357844001969,37.067131288674155,C:\Users\yanit\OneDrive\Bureau\Data Insights And Visualization\tier3\labels\joplin-tornado_00000103_post_disaster.json,40.41975308641975,20.67924528301887,11.823529411764707,9.0,116.0
WORLDVIEW02,WORLDVIEW02,2.35255861282349,2011-05-29T17:29:25.433Z,28.4302768707275,0.585882604122162,143.603851318359,71.8531799316406,193.251083374023,joplin-tornado,wind,103001000A285500,1024,1024,1024,1024,MjY0NDE4OQ.Qz24ilHRFrtta9FVqZZBWot9YQo,joplin-tornado_00000104_post_disaster.png,-94.48049088367169,37.06270055347258,C:\Users\yanit\OneDrive\Bureau\Data Insights And Visualization\tier3\labels\joplin-tornado_00000104_post_disaster.json,1.0,14.0,5.0,1.0,30.0
WORLDVIEW02,WORLDVIEW02,2.35255861282349,2011-05-29T17:29:25.433Z,28.4302768707275,0.585882604122162,143.603851318359,71.8531799316406,193.251083374023,joplin-tornado,wind,103001000A285500,1024,1024,1024,1024,MjY0NDE5MQ.j4dJz5uLwW8CgEmlGAjvudXKPb0,joplin-tornado_00000105_post_disaster.png,-94.48288378049824,37.08062576586364,C:\Users\yanit\OneDrive\Bureau\Data Insights And Visualization\tier3\labels\joplin-tornado_00000105_post_disaster.json,40.41975308641975,20.67924528301887,11.823529411764707,5.466666666666667,47.0
WORLDVIEW02,WORLDVIEW02,2.35255861282349,2011-05-29T17:29:25.433Z,28.4302768707275,0.585882604122162,143.603851318359,71.8531799316406,193.251083374023,joplin-tornado,wind,103001000A285500,1024,1024,1024,1024,MjY0NDE5Mw.AevlsXP1tBWxG7P0ML9Ih9aM6UI,joplin-tornado_00000106_post_disaster.png,-94.54800444400988,37.06635477704597,C:\Users\yanit\OneDrive\Bureau\Data Insights And Visualization\tier3\labels\joplin-tornado_00000106_post_disaster.json,40.41975308641975,20.67924528301887,11.823529411764707,6.0,127.0
WORLDVIEW02,WORLDVIEW02,2.35255861282349,2011-05-29T17:29:25.433Z,28.4302768707275,0.585882604122162,143.603851318359,71.8531799316406,193.251083374023,joplin-tornado,wind,103001000A285500,1024,1024,1024,1024,MjY0NDE5NA.R5aeg-9WCwyjexvwyAU_YBPGlY8,joplin-tornado_00000107_post_disaster.png,-94.47558426311286,37.06191454770802,C:\Users\yanit\OneDrive\Bureau\Data Insights And Visualization\tier3\labels\joplin-tornado_00000107_post_disaster.json,40.41975308641975,2.0,11.823529411764707,4.0,20.0
WORLDVIEW02,WORLDVIEW02,2.35255861282349,2011-05-29T17:29:25.433Z,28.4302768707275,0.585882604122162,143.603851318359,71.8531799316406,193.251083374023,joplin-tornado,wind,103001000A285500,1024,1024,1024,1024,MjY0NDE5Nw.8UFESrJpTeC3DaopkKIwXEry8lI,joplin-tornado_00000108_post_disaster.png,-94.54247919124431,37.067139833093286,C:\Users\yanit\OneDrive\Bureau\Data Insights And Visualization\tier3\labels\joplin-tornado_00000108_post_disaster.json,1.0,17.0,1.0,2.0,46.0
WORLDVIEW02,WORLDVIEW02,2.35255861282349,2011-05-29T17:29:25.433Z,28.4302768707275,0.585882604122162,143.603851318359,71.8531799316406,193.251083374023,joplin-tornado,wind,103001000A285500,1024,1024,1024,1024,MjY0NDE5OQ.onZMCxsw5RtgEcLW5-v2yD_VCxo,joplin-tornado_00000109_post_disaster.png,-94.47061275177394,37.06326565202469,C:\Users\yanit\OneDrive\Bureau\Data Insights And Visualization\tier3\labels\joplin-tornado_00000109_post_disaster.json,40.41975308641975,3.0,11.823529411764707,2.0,11.0
WORLDVIEW02,WORLDVIEW02,2.35255861282349,2011-05-29T17:29:25.433Z,28.4302768707275,0.585882604122162,143.603851318359,71.8531799316406,193.251083374023,joplin-tornado,wind,103001000A285500,1024,1024,1024,1024,MjY0NDIwMQ.9PeRu1f_WACvFeYKUXlbTwcBYeM,joplin-tornado_00000110_post_disaster.png,-94.53784572271545,37.067404522543065,C:\Users\yanit\OneDrive\Bureau\Data Insights And Visualization\tier3\labels\joplin-tornado_00000110_post_disaster.json,9.0,42.0,12.0,16.0,135.0
WORLDVIEW02,WORLDVIEW02,2.35255861282349,2011-05-29T17:29:25.433Z,28.4302768707275,0.585882604122162,143.603851318359,71.8531799316406,193.251083374023,joplin-tornado,wind,103001000A285500,1024,1024,1024,1024,MjY0NDIwMw.EtV4SGU46ZbAZl378E_eEVD1H6Q,joplin-tornado_00000111_post_disaster.png,-94.46476671269652,37.062533142816086,C:\Users\yanit\OneDrive\Bureau\Data Insights And Visualization\tier3\labels\joplin-tornado_00000111_post_disaster.json,2.0,2.0,1.0,1.0,10.0
WORLDVIEW02,WORLDVIEW02,2.35255861282349,2011-05-29T17:29:25.433Z,28.4302768707275,0.585882604122162,143.603851318359,71.8531799316406,193.251083374023,joplin-tornado,wind,103001000A285500,1024,1024,1024,1024,MjY0NDIwNQ.O8mcf4X541zEoKYwSR_v3c4IHJc,joplin-tornado_00000112_post_disaster.png,-94.5325287383567,37.067638470068395,C:\Users\yanit\OneDrive\Bureau\Data Insights And Visualization\tier3\labels\joplin-tornado_00000112_post_disaster.json,8.0,60.0,27.0,7.0,123.0
WORLDVIEW02,WORLDVIEW02,2.35255861282349,2011-05-29T17:29:25.433Z,28.4302768707275,0.585882604122162,143.603851318359,71.8531799316406,193.251083374023,joplin-tornado,wind,103001000A285500,1024,1024,1024,1024,MjY0NDIwNw.lHbKnoBzXNrkJwhQsSxNY1y8JYo,joplin-tornado_00000113_post_disaster.png,-94.46023026060485,37.063059320868724,C:\Users\yanit\OneDrive\Bureau\Data Insights And Visualization\tier3\labels\joplin-tornado_00000113_post_disaster.json,8.0,15.0,7.0,12.0,22.0
WORLDVIEW02,WORLDVIEW02,2.35255861282349,2011-05-29T17:29:25.433Z,28.4302768707275,0.585882604122162,143.603851318359,71.8531799316406,193.251083374023,joplin-tornado,wind,103001000A285500,1024,1024,1024,1024,MjY0NDIwOQ.4zsdGeZWq4rIoeuC4Cv7-VahBoA,joplin-tornado_00000114_post_disaster.png,-94.52761132246995,37.067473378066,C:\Users\yanit\OneDrive\Bureau\Data Insights And Visualization\tier3\labels\joplin-tornado_00000114_post_disaster.json,21.0,67.0,24.0,3.0,169.0
WORLDVIEW02,WORLDVIEW02,2.35255861282349,2011-05-29T17:29:25.433Z,28.4302768707275,0.585882604122162,143.603851318359,71.8531799316406,193.251083374023,joplin-tornado,wind,103001000A285500,1024,1024,1024,1024,MjY0NDIxMQ.sAg2AfIQJ5BWwyBhaxwPZzKOKXo,joplin-tornado_00000115_post_disaster.png,-94.45507917875653,37.063793914976564,C:\Users\yanit\OneDrive\Bureau\Data Insights And Visualization\tier3\labels\joplin-tornado_00000115_post_disaster.json,9.0,31.0,13.0,2.0,19.0
WORLDVIEW02,WORLDVIEW02,2.35255861282349,2011-05-29T17:29:25.433Z,28.4302768707275,0.585882604122162,143.603851318359,71.8531799316406,193.251083374023,joplin-tornado,wind,103001000A285500,1024,1024,1024,1024,MjY0NDIxMw.9K8iyPcAaNzF7cp2IxwBmLfC-CQ,joplin-tornado_00000116_post_disaster.png,-94.52240156651057,37.06763687618004,C:\Users\yanit\OneDrive\Bureau\Data Insights And Visualization\tier3\labels\joplin-tornado_00000116_post_disaster.json,23.0,87.0,19.0,8.0,155.0
WORLDVIEW02,WORLDVIEW02,2.35255861282349,2011-05-29T17:29:25.433Z,28.4302768707275,0.585882604122162,143.603851318359,71.8531799316406,193.251083374023,joplin-tornado,wind,103001000A285500,1024,1024,1024,1024,MjY0NDIxNQ.SzeCT-WKuJR8yP_QnlufxHNLeZg,joplin-tornado_00000117_post_disaster.png,-94.44988697308075,37.06384203576899,C:\Users\yanit\OneDrive\Bureau\Data Insights And Visualization\tier3\labels\joplin-tornado_00000117_post_disaster.json,31.0,10.0,24.0,2.0,8.0
WORLDVIEW02,WORLDVIEW02,2.35255861282349,2011-05-29T17:29:25.433Z,28.4302768707275,0.585882604122162,143.603851318359,71.8531799316406,193.251083374023,joplin-tornado,wind,103001000A285500,1024,1024,1024,1024,MjY0NDIxNw.adPP3gOGgZ7LxpUxVH8DhGw8CQY,joplin-tornado_00000118_post_disaster.png,-94.5170390348846,37.06757927096527,C:\Users\yanit\OneDrive\Bureau\Data Insights And Visualization\tier3\labels\joplin-tornado_00000118_post_disaster.json,52.0,105.0,51.0,20.0,123.0
WORLDVIEW02,WORLDVIEW02,2.35255861282349,2011-05-29T17:29:25.433Z,28.4302768707275,0.585882604122162,143.603851318359,71.8531799316406,193.251083374023,joplin-tornado,wind,103001000A285500,1024,1024,1024,1024,MjY0NDIxOQ.-3BBHsaIPxOyf8W1iENlVGgriLo,joplin-tornado_00000119_post_disaster.png,-94.44465857067492,37.06374418638729,C:\Users\yanit\OneDrive\Bureau\Data Insights And Visualization\tier3\labels\joplin-tornado_00000119_post_disaster.json,59.0,3.0,6.0,12.0,60.925925925925924
WORLDVIEW02,WORLDVIEW02,2.35255861282349,2011-05-29T17:29:25.433Z,28.4302768707275,0.585882604122162,143.603851318359,71.8531799316406,193.251083374023,joplin-tornado,wind,103001000A285500,1024,1024,1024,1024,MjY0NDIyMQ.9yPTGT2sHP8mxiFQ6ur-JJSSKv0,joplin-tornado_00000120_post_disaster.png,-94.51187945448908,37.06773456904691,C:\Users\yanit\OneDrive\Bureau\Data Insights And Visualization\tier3\labels\joplin-tornado_00000120_post_disaster.json,142.0,82.0,74.0,19.0,34.0
WORLDVIEW02,WORLDVIEW02,2.35255861282349,2011-05-29T17:29:25.433Z,28.4302768707275,0.585882604122162,143.603851318359,71.8531799316406,193.251083374023,joplin-tornado,wind,103001000A285500,1024,1024,1024,1024,MjY0NDIyMw.-gtqFHcJmb8EOPRba2sUEo1G-68,joplin-tornado_00000121_post_disaster.png,-94.439798171132,37.06348068984408,C:\Users\yanit\OneDrive\Bureau\Data Insights And Visualization\tier3\labels\joplin-tornado_00000121_post_disaster.json,37.0,18.0,10.0,6.0,10.0
WORLDVIEW02,WORLDVIEW02,2.35255861282349,2011-05-29T17:29:25.433Z,28.4302768707275,0.585882604122162,143.603851318359,71.8531799316406,193.251083374023,joplin-tornado,wind,103001000A285500,1024,1024,1024,1024,MjY0NDIyNQ.X-YxTBwtl0Pco0vvLBX3nPMnP0k,joplin-tornado_00000122_post_disaster.png,-94.50653541787582,37.0675821310734,C:\Users\yanit\OneDrive\Bureau\Data Insights And Visualization\tier3\labels\joplin-tornado_00000122_post_disaster.json,48.0,38.0,15.0,1.0,3.0
WORLDVIEW02,WORLDVIEW02,2.35255861282349,2011-05-29T17:29:25.433Z,28.4302768707275,0.585882604122162,143.603851318359,71.8531799316406,193.251083374023,joplin-tornado,wind,103001000A285500,1024,1024,1024,1024,MjY0NDIyNw.ldZ1zEXGuyNHfIKQmGaYZsLAkV0,joplin-tornado_00000123_post_disaster.png,-94.5014746043815,37.067646387199005,C:\Users\yanit\OneDrive\Bureau\Data Insights And Visualization\tier3\labels\joplin-tornado_00000123_post_disaster.json,119.0,20.67924528301887,4.0,5.466666666666667,60.925925925925924
WORLDVIEW02,WORLDVIEW02,2.35255861282349,2011-05-29T17:29:25.433Z,28.4302768707275,0.585882604122162,143.603851318359,71.8531799316406,193.251083374023,joplin-tornado,wind,103001000A285500,1024,1024,1024,1024,MjY0NDIyOQ.ob5stgb4ipqEUXuFzQsBWfYCjTU,joplin-tornado_00000124_post_disaster.png,-94.43439858117954,37.063880262309574,C:\Users\yanit\OneDrive\Bureau\Data Insights And Visualization\tier3\labels\joplin-tornado_00000124_post_disaster.json,40.41975308641975,6.0,11.823529411764707,2.0,13.0
WORLDVIEW02,WORLDVIEW02,2.35255861282349,2011-05-29T17:29:25.433Z,28.4302768707275,0.585882604122162,143.603851318359,71.8531799316406,193.251083374023,joplin-tornado,wind,103001000A285500,1024,1024,1024,1024,MjY0NDIzMQ.big1GkURd5hmxZYOd8_73ZYnoLA,joplin-tornado_00000125_post_disaster.png,-94.49604360941376,37.06802428629191,C:\Users\yanit\OneDrive\Bureau\Data Insights And Visualization\tier3\labels\joplin-tornado_00000125_post_disaster.json,65.0,3.0,15.0,1.0,1.0
WORLDVIEW02,WORLDVIEW02,2.35255861282349,2011-05-29T17:29:25.433Z,28.4302768707275,0.585882604122162,143.603851318359,71.8531799316406,193.251083374023,joplin-tornado,wind,103001000A285500,1024,1024,1024,1024,MjY0NDIzMw.O0neTkok6WNjQ5bNYUJOMLeXMqg,joplin-tornado_00000126_post_disaster.png,-94.43064214570278,37.0647678658207,C:\Users\yanit\OneDrive\Bureau\Data Insights And Visualization\tier3\labels\joplin-tornado_00000126_post_disaster.json,40.41975308641975,20.67924528301887,11.823529411764707,5.466666666666667,9.0
WORLDVIEW02,WORLDVIEW02,2.35255861282349,2011-05-29T17:29:25.433Z,28.4302768707275,0.585882604122162,143.603851318359,71.8531799316406,193.251083374023,joplin-tornado,wind,103001000A285500,1024,1024,1024,1024,MjY0NDIzNg.KYUkA3ga-D5tU1VX1fFwaKMSgcU,joplin-tornado_00000127_post_disaster.png,-94.49124091126137,37.068005243081906,C:\Users\yanit\OneDrive\Bureau\Data Insights And Visualization\tier3\labels\joplin-tornado_00000127_post_disaster.json,163.0,5.0,15.0,1.0,2.0
WORLDVIEW02,WORLDVIEW02,2.35255861282349,2011-05-29T17:29:25.433Z,28.4302768707275,0.585882604122162,143.603851318359,71.8531799316406,193.251083374023,joplin-tornado,wind,103001000A285500,1024,1024,1024,1024,MjY0NDIzOA.CUMVG3hdbSd_-oTWgrCLrWCtrrM,joplin-tornado_00000128_post_disaster.png,-94.51722420991621,37.07593123440172,C:\Users\yanit\OneDrive\Bureau\Data Insights And Visualization\tier3\labels\joplin-tornado_00000128_post_disaster.json,40.41975308641975,20.67924528301887,11.823529411764707,5.466666666666667,194.0
WORLDVIEW02,WORLDVIEW02,2.35255861282349,2011-05-29T17:29:25.433Z,28.4302768707275,0.585882604122162,143.603851318359,71.8531799316406,193.251083374023,joplin-tornado,wind,103001000A285500,1024,1024,1024,1024,MjY0NDI0MA.Y7k2_Rb5jp92wrDRaSE9ediR1bI,joplin-tornado_00000129_post_disaster.png,-94.48602616885648,37.06769819439263,C:\Users\yanit\OneDrive\Bureau\Data Insights And Visualization\tier3\labels\joplin-tornado_00000129_post_disaster.json,100.0,17.0,21.0,5.0,6.0
WORLDVIEW02,WORLDVIEW02,2.35255861282349,2011-05-29T17:29:25.433Z,28.4302768707275,0.585882604122162,143.603851318359,71.8531799316406,193.251083374023,joplin-tornado,wind,103001000A285500,1024,1024,1024,1024,MjY0NDI0Mg.43DeVKho1ex8ov9XzCzeMg-o9iQ,joplin-tornado_00000130_post_disaster.png,-94.51256267051161,37.076095156200836,C:\Users\yanit\OneDrive\Bureau\Data Insights And Visualization\tier3\labels\joplin-tornado_00000130_post_disaster.json,40.41975308641975,20.67924528301887,11.823529411764707,10.0,166.0
WORLDVIEW02,WORLDVIEW02,2.35255861282349,2011-05-29T17:29:25.433Z,28.4302768707275,0.585882604122162,143.603851318359,71.8531799316406,193.251083374023,joplin-tornado,wind,103001000A285500,1024,1024,1024,1024,MjY0NDI0NA.CMgolWuOOD0DGKbju-TOHXJ2pf8,joplin-tornado_00000131_post_disaster.png,-94.4828868367396,37.06768959479432,C:\Users\yanit\OneDrive\Bureau\Data Insights And Visualization\tier3\labels\joplin-tornado_00000131_post_disaster.json,17.0,10.0,8.0,1.0,60.925925925925924
WORLDVIEW02,WORLDVIEW02,2.35255861282349,2011-05-29T17:29:25.433Z,28.4302768707275,0.585882604122162,143.603851318359,71.8531799316406,193.251083374023,joplin-tornado,wind,103001000A285500,1024,1024,1024,1024,MjY0NDI0Ng.nOgpW9hkV1h2y5OxPitQhkHa5xk,joplin-tornado_00000132_post_disaster.png,-94.50740073151348,37.075550974458814,C:\Users\yanit\OneDrive\Bureau\Data Insights And Visualization\tier3\labels\joplin-tornado_00000132_post_disaster.json,40.41975308641975,2.0,11.823529411764707,11.0,161.0
WORLDVIEW02,WORLDVIEW02,2.35255861282349,2011-05-29T17:29:25.433Z,28.4302768707275,0.585882604122162,143.603851318359,71.8531799316406,193.251083374023,joplin-tornado,wind,103001000A285500,1024,1024,1024,1024,MjY0NDI0OA.42N4VVtp4XISgmhF2iUab_taiOc,joplin-tornado_00000133_post_disaster.png,-94.5015677809314,37.07611078443264,C:\Users\yanit\OneDrive\Bureau\Data Insights And Visualization\tier3\labels\joplin-tornado_00000133_post_disaster.json,40.41975308641975,2.0,11.823529411764707,3.0,164.0
WORLDVIEW02,WORLDVIEW02,2.35255861282349,2011-05-29T17:29:25.433Z,28.4302768707275,0.585882604122162,143.603851318359,71.8531799316406,193.251083374023,joplin-tornado,wind,103001000A285500,1024,1024,1024,1024,MjY0NDI1MA.DJD-Ad0n2gO7ul9i1YyikO3CpbA,joplin-tornado_00000134_post_disaster.png,-94.49718834154268,37.0759255434316,C:\Users\yanit\OneDrive\Bureau\Data Insights And Visualization\tier3\labels\joplin-tornado_00000134_post_disaster.json,3.0,12.0,11.823529411764707,4.0,76.0
WORLDVIEW02,WORLDVIEW02,2.35255861282349,2011-05-29T17:29:25.433Z,28.4302768707275,0.585882604122162,143.603851318359,71.8531799316406,193.251083374023,joplin-tornado,wind,103001000A285500,1024,1024,1024,1024,MjY0NDI1Mg.KdiMlvupEKQdaurranLV9heAhwQ,joplin-tornado_00000135_post_disaster.png,-94.5577931472287,37.063366501089995,C:\Users\yanit\OneDrive\Bureau\Data Insights And Visualization\tier3\labels\joplin-tornado_00000135_post_disaster.json,4.0,20.67924528301887,11.823529411764707,5.466666666666667,45.0
WORLDVIEW02,WORLDVIEW02,2.35255861282349,2011-05-29T17:29:25.433Z,28.4302768707275,0.585882604122162,143.603851318359,71.8531799316406,193.251083374023,joplin-tornado,wind,103001000A285500,1024,1024,1024,1024,MjY0NDI1NA.ocP0onQjzMveTiwF1dbCX7JcuCo,joplin-tornado_00000136_post_disaster.png,-94.49102048174196,37.0769742423654,C:\Users\yanit\OneDrive\Bureau\Data Insights And Visualization\tier3\labels\joplin-tornado_00000136_post_disaster.json,1.0,3.0,2.0,2.0,49.0
WORLDVIEW02,WORLDVIEW02,2.35255861282349,2011-05-29T17:29:25.433Z,28.4302768707275,0.585882604122162,143.603851318359,71.8531799316406,193.251083374023,joplin-tornado,wind,103001000A285500,1024,1024,1024,1024,MjY0NDI1Ng._6DHta7NQRDLiWrKya92TXKzlAs,joplin-tornado_00000137_post_disaster.png,-94.55309345023358,37.06331359391873,C:\Users\yanit\OneDrive\Bureau\Data Insights And Visualization\tier3\labels\joplin-tornado_00000137_post_disaster.json,40.41975308641975,9.0,1.0,3.0,68.0
WORLDVIEW02,WORLDVIEW02,2.35255861282349,2011-05-29T17:29:25.433Z,28.4302768707275,0.585882604122162,143.603851318359,71.8531799316406,193.251083374023,joplin-tornado,wind,103001000A285500,1024,1024,1024,1024,MjY0NDI1Nw.4khCWxqtsFmC4m2FBnyXBqwtFuc,joplin-tornado_00000138_post_disaster.png,-94.48638770257656,37.07645133022982,C:\Users\yanit\OneDrive\Bureau\Data Insights And Visualization\tier3\labels\joplin-tornado_00000138_post_disaster.json,40.41975308641975,4.0,11.823529411764707,4.0,135.0
WORLDVIEW02,WORLDVIEW02,2.35255861282349,2011-05-29T17:29:25.433Z,28.4302768707275,0.585882604122162,143.603851318359,71.8531799316406,193.251083374023,joplin-tornado,wind,103001000A285500,1024,1024,1024,1024,MjY0NDI1OQ.l8KN-w-biI9Qe0Vi4Otv5ybTgN8,joplin-tornado_00000139_post_disaster.png,-94.54769360806263,37.06349712889709,C:\Users\yanit\OneDrive\Bureau\Data Insights And Visualization\tier3\labels\joplin-tornado_00000139_post_disaster.json,12.0,29.0,8.0,3.0,66.0
WORLDVIEW02,WORLDVIEW02,2.35255861282349,2011-05-29T17:29:25.433Z,28.4302768707275,0.585882604122162,143.603851318359,71.8531799316406,193.251083374023,joplin-tornado,wind,103001000A285500,1024,1024,1024,1024,MjY0NDI2MQ.CloKBwlCtrI-0c7x26dIPAKsl9w,joplin-tornado_00000140_post_disaster.png,-94.48300491088737,37.076152965495865,C:\Users\yanit\OneDrive\Bureau\Data Insights And Visualization\tier3\labels\joplin-tornado_00000140_post_disaster.json,40.41975308641975,20.67924528301887,11.823529411764707,1.0,50.0
WORLDVIEW02,WORLDVIEW02,2.35255861282349,2011-05-29T17:29:25.433Z,28.4302768707275,0.585882604122162,143.603851318359,71.8531799316406,193.251083374023,joplin-tornado,wind,103001000A285500,1024,1024,1024,1024,MjY0NDI2Mw.Ly3bm6E7uZce0H2AJIB1_lJCiBg,joplin-tornado_00000141_post_disaster.png,-94.54282034746356,37.06315838712652,C:\Users\yanit\OneDrive\Bureau\Data Insights And Visualization\tier3\labels\joplin-tornado_00000141_post_disaster.json,80.0,24.0,16.0,1.0,20.0
WORLDVIEW02,WORLDVIEW02,2.35255861282349,2011-05-29T17:29:25.433Z,28.4302768707275,0.585882604122162,143.603851318359,71.8531799316406,193.251083374023,joplin-tornado,wind,103001000A285500,1024,1024,1024,1024,MjY0NDI2NQ.nD-q7ubvdAClojxAJrsVOeX_sq4,joplin-tornado_00000142_post_disaster.png,-94.53752321004703,37.06320852349482,C:\Users\yanit\OneDrive\Bureau\Data Insights And Visualization\tier3\labels\joplin-tornado_00000142_post_disaster.json,78.0,35.0,14.0,2.0,11.0
WORLDVIEW02,WORLDVIEW02,2.35255861282349,2011-05-29T17:29:25.433Z,28.4302768707275,0.585882604122162,143.603851318359,71.8531799316406,193.251083374023,joplin-tornado,wind,103001000A285500,1024,1024,1024,1024,MjY0NDI2Nw.6Z0VV_E1l99f3PbgIbF1yE1X6FQ,joplin-tornado_00000143_post_disaster.png,-94.53267172183828,37.06275843886264,C:\Users\yanit\OneDrive\Bureau\Data Insights And Visualization\tier3\labels\joplin-tornado_00000143_post_disaster.json,47.0,5.0,20.0,5.0,1.0
WORLDVIEW02,WORLDVIEW02,2.35255861282349,2011-05-29T17:29:25.433Z,28.4302768707275,0.585882604122162,143.603851318359,71.8531799316406,193.251083374023,joplin-tornado,wind,103001000A285500,1024,1024,1024,1024,MjY0NDI2OQ.pM1AEm_w0J_fEjG6FE7L1eoBJYY,joplin-tornado_00000144_post_disaster.png,-94.52745672552538,37.06377853590672,C:\Users\yanit\OneDrive\Bureau\Data Insights And Visualization\tier3\labels\joplin-tornado_00000144_post_disaster.json,172.0,33.0,69.0,2.0,60.925925925925924
WORLDVIEW02,WORLDVIEW02,2.35255861282349,2011-05-29T17:29:25.433Z,28.4302768707275,0.585882604122162,143.603851318359,71.8531799316406,193.251083374023,joplin-tornado,wind,103001000A285500,1024,1024,1024,1024,MjY0NDI3MQ.gFRHCDs-Llob36W4a2GY9QxB6zQ,joplin-tornado_00000145_post_disaster.png,-94.52213207158115,37.063620279873895,C:\Users\yanit\OneDrive\Bureau\Data Insights And Visualization\tier3\labels\joplin-tornado_00000145_post_disaster.json,163.0,20.67924528301887,15.0,5.466666666666667,60.925925925925924
WORLDVIEW02,WORLDVIEW02,2.35255861282349,2011-05-29T17:29:25.433Z,28.4302768707275,0.585882604122162,143.603851318359,71.8531799316406,193.251083374023,joplin-tornado,wind,103001000A285500,1024,1024,1024,1024,MjY0NDI3Mw.lXLk4OJWEoSEbBIbcW4yNACVb1o,joplin-tornado_00000146_post_disaster.png,-94.51676236552983,37.063583957925225,C:\Users\yanit\OneDrive\Bureau\Data Insights And Visualization\tier3\labels\joplin-tornado_00000146_post_disaster.json,163.0,5.0,25.0,5.466666666666667,60.925925925925924
WORLDVIEW02,WORLDVIEW02,2.35255861282349,2011-05-29T17:29:25.433Z,28.4302768707275,0.585882604122162,143.603851318359,71.8531799316406,193.251083374023,joplin-tornado,wind,103001000A285500,1024,1024,1024,1024,MjY0NDI3NQ.2rmCkRew6SY3PlvQ1XtXERXiTDY,joplin-tornado_00000147_post_disaster.png,-94.51187062851318,37.06352196892196,C:\Users\yanit\OneDrive\Bureau\Data Insights And Visualization\tier3\labels\joplin-tornado_00000147_post_disaster.json,355.0,4.0,20.0,5.466666666666667,1.0
WORLDVIEW02,WORLDVIEW02,2.35255861282349,2011-05-29T17:29:25.433Z,28.4302768707275,0.585882604122162,143.603851318359,71.8531799316406,193.251083374023,joplin-tornado,wind,103001000A285500,1024,1024,1024,1024,MjY0NDI3Nw.36KTIIGgaAGiOVZ0uTbB8z_CRu4,joplin-tornado_00000148_post_disaster.png,-94.53279923554847,37.0712572148645,C:\Users\yanit\OneDrive\Bureau\Data Insights And Visualization\tier3\labels\joplin-tornado_00000148_post_disaster.json,40.41975308641975,20.67924528301887,11.823529411764707,5.466666666666667,140.0
